,first_name,last_name,city,postcode,age,income,phone_number
0,Mirela,Brzezińska,Piła,61-556,77,4802.15,450617008
1,Nina,Maj,Konin,60-858,47,5917.37,694145740
2,Cyryla,Czerwińska,Szamotuły,60-142,88,7544.00,502517822
3,Balbina,Domańska,Gniezno,61-387,38,5743.36,504209735
4,Genowefa,Przybylska,Poznań,63-740,62,6443.27,781818985
5,Ada,Kucharska,Piła,61-442,33,7882.72,727274175
6,Raisa,Wiśniewska,Kalisz,60-850,59,6302.45,667669846
7,Benigna,Kowalska,Poznań,63-500,31,7452.12,699341576
8,Lidia,Stępieńska,Poznań,65-590,31,10185.46,451872688
9,Klara,Maj,Gniezno,61-397,68,6656.28,571333338
10,Izabella,Sadowska,Poznań,60-233,40,9358.68,501063719
11,Sława,Pawlicka,Leszno,61-681,32,8118.74,789516001
12,Sonia,Makowska,Poznań,61-421,94,4065.52,452446238
13,Roma,Włodarczyk,Konin,61-285,22,4795.73,665612398
14,Paulina,Kozłowska,Konin,60-211,64,5332.81,732347157
15,Natalia,Dudek,Kalisz,61-306,63,5290.33,665385303
16,Irmina,Sawicka,Leszno,61-808,39,6819.42,885950305
17,Alicja,Walczak,Poznań,64-122,55,8229.29,781163042
18,Blanka,Baranowska,Kalisz,60-302,25,9510.32,698031344
19,Lucja,Maciejewska,Konin,60-119,77,7616.35,781003854
20,Milena,Wilczyńska,Gniezno,60-441,36,6108.64,573575531
21,Izabella,Szewczyk,Poznań,61-382,34,2835.52,784966590
22,Julitta,Zielińska,Poznań,60-617,44,7141.18,579725782
23,Stella,Młynarczyk,Poznań,60-818,92,7051.54,507224688
24,Wincentyna,Sadowska,Konin,60-271,83,7365.86,531603861
25,Daniela,Kaźmierczak,Konin,62-053,96,11212.48,513417075
26,Kinga,Wójcik,Gniezno,60-188,71,9481.19,791786663
27,Grażyna,Król,Konin,61-629,72,8570.12,603941431
28,Bronisława,Szczepańska,Kalisz,61-007,57,5075.85,501090476
29,Gerda,Kulesza,Kalisz,60-397,92,5974.01,607352141
30,Amalia,Olszewska,Poznań,61-475,60,6810.31,533727714
31,Galina,Sokołowska,Kalisz,62-480,47,5449.19,539603773
32,Izabella,Michalak,Leszno,60-164,71,8000.93,607059611
33,Izabella,Witkowska,Konin,60-108,63,7713.82,883145537
34,Kinga,Laskowska,Poznań,61-875,28,4823.38,883498650
35,Edyta,Rutkowska,Gniezno,61-298,50,9393.63,534474778
36,Lidia,Kozłowska,Szamotuły,61-044,44,7204.62,782232079
37,Elwira,Kwiatkowska,Poznań,64-708,87,3541.86,796761632
38,Natalia,Lis,Kalisz,62-710,49,6897.31,661917206
39,Tekla,Czerwińska,Gniezno,61-111,85,7562.41,722799920
40,Feliksa,Cieślak,Leszno,60-406,54,8945.58,601032167
41,Judyta,Sadowska,Gniezno,61-743,80,6325.05,781133894
42,Erna,Rutkowska,Kalisz,61-425,29,8655.88,797647642
43,Zenona,Sadowska,Szamotuły,60-563,94,7374.28,576491089
44,Judyta,Andrzejewska,Ostrów Wielkopolski,61-395,57,4369.89,784168533
45,Erika,Kowalska,Poznań,61-858,39,4169.67,733227492
46,Izabella,Górecka,Konin,60-592,38,9245.12,535671364
47,Aldona,Szymańska,Kalisz,61-123,40,9391.97,450905388
48,Gerda,Wasilewska,Poznań,61-734,48,7645.82,730167274
49,Bogumiła,Jankowska,Leszno,60-151,77,9991.41,535756169
50,Wioletta,Sadowska,Ostrów Wielkopolski,61-677,96,9113.22,512870985
51,Anna,Czerwińska,Poznań,64-426,73,8367.26,798488124
52,Benigna,Kalinowska,Konin,61-138,63,5177.38,883934716
53,Filomena,Domańska,Piła,61-463,55,10462.86,663880406
54,Zinaida,Kamińska,Leszno,61-035,86,8072.60,578320651
55,Marcela,Sawicka,Konin,60-661,88,6228.32,512546770
56,Leonarda,Witkowska,Ostrów Wielkopolski,61-042,42,5663.46,500053012
57,Matylda,Górecka,Konin,63-911,96,7513.57,735037511
58,Bogumiła,Nowakowska,Poznań,77-416,50,3657.88,889698371
59,Mirosława,Sobczak,Poznań,60-195,84,8399.35,608714724
60,Angelika,Włodarczyk,Szamotuły,60-866,97,5092.86,517837761
61,Lilianna,Pawłowska,Poznań,60-553,76,7741.22,577398066
62,Wioleta,Jasińska,Kalisz,60-141,31,5956.76,793088621
63,Ludomira,Pietrzak,Poznań,61-672,66,6471.16,573507218
64,Leontyna,Kowalska,Konin,60-391,28,5486.18,660395271
65,Bernarda,Zawadzka,Szamotuły,60-559,83,6677.54,720942639
66,Julita,Kulesza,Kalisz,60-476,41,10778.76,502589082
67,Pelagia,Sikorska,Szamotuły,63-140,75,9770.12,669269519
68,Halina,Andrzejewska,Poznań,61-359,93,7708.96,720875006
69,Feliksa,Kulesza,Kalisz,60-564,33,6949.41,691733387
70,Mieczysława,Wawrzyniak,Piła,62-235,50,8688.40,510620391
71,Bożenna,Pawłowska,Konin,61-841,71,9259.94,739976828
72,Narcyza,Maciejewska,Leszno,61-529,52,5340.36,575431745
73,Natalia,Wojciechowska,Piła,61-341,32,6845.12,665234010
74,Urszula,Wasilewska,Konin,61-646,20,3356.08,734258527
75,Ludwika,Kowalska,Kalisz,61-713,51,9246.20,791579378
76,Violetta,Nowicka,Ostrów Wielkopolski,60-322,71,11130.05,735102261
77,Edeltrauda,Marciniak,Poznań,61-022,65,7160.17,882162452
78,Julita,Piotrowska,Leszno,61-017,31,2749.98,571809943
79,Ingeborga,Kowalska,Poznań,60-188,55,8217.78,732910246
80,Filomena,Jankowska,Konin,60-004,48,5191.82,531927244
81,Bożenna,Witkowska,Poznań,63-520,40,5673.30,577087094
82,Irma,Wiśniewska,Gniezno,61-156,78,8253.15,695217109
83,Izabela,Walczak,Poznań,61-459,43,7509.11,883576839
84,Zofia,Zawadzka,Gniezno,61-418,62,6023.78,797825006
85,Iwona,Szczepańska,Poznań,60-274,94,5700.79,886189009
86,Kamilla,Szulc,Konin,62-305,62,7251.67,693732734
87,Ryszarda,Szulc,Leszno,60-572,69,6181.07,889666334
88,Bogusława,Malinowska,Gniezno,60-769,24,4781.53,669855040
89,Kornelia,Maciejewska,Konin,61-734,33,6334.87,574230287
90,Mariola,Jakubowska,Konin,61-654,26,7679.19,663472285
91,Balbina,Rutkowska,Piła,61-729,81,6643.79,662763787
92,Longina,Kamińska,Kalisz,61-611,87,4172.98,536419836
93,Izabella,Jasińska,Poznań,61-841,33,8978.13,888155507
94,Pelagia,Pawlak,Piła,60-603,36,1522.38,606878093
95,Lucja,Kwiatkowska,Leszno,62-840,45,6107.27,577511407
96,Izabella,Głowacka,Poznań,63-714,66,5759.60,780221714
97,Renata,Tomczak,Kalisz,60-434,69,7296.36,884718178
98,Aleksandra,Wasilewska,Poznań,60-173,74,8123.32,456647132
99,Natasza,Duda,Poznań,60-020,92,9253.53,737289100
100,Serafina,Adamska,Gniezno,61-818,42,5575.19,503236803
101,Erna,Kowalska,Poznań,64-200,72,8173.16,505238836
102,Julia,Szymczak,Gniezno,61-833,64,7391.64,532179681
103,Julitta,Urbańska,Szamotuły,61-418,43,3576.92,792060142
104,Wincentyna,Domańska,Kalisz,61-118,92,10801.08,727600955
105,Bernardyna,Szulc,Gniezno,61-218,26,4122.45,793806219
106,Klara,Czajka,Gniezno,60-312,76,7838.99,721244554
107,Julia,Kucharska,Ostrów Wielkopolski,61-131,78,7779.92,725710293
108,Kazimiera,Zielińska,Leszno,62-740,93,7551.27,727870529
109,Modesta,Grabowska,Poznań,61-770,61,6010.85,723703599
110,Teodora,Duda,Kalisz,60-248,44,8654.51,515001221
111,Sylwia,Laskowska,Kalisz,60-167,86,3879.27,536882099
112,Apolonia,Pawłowska,Poznań,61-309,81,6868.34,781852467
113,Klaudia,Wojciechowska,Kalisz,61-151,59,5872.25,604020728
114,Łucja,Zawadzka,Poznań,60-569,81,5645.40,450991699
115,Hermina,Brzezińska,Szamotuły,61-103,40,7857.50,722100157
116,Milena,Domańska,Poznań,62-430,66,9154.96,885684685
117,Maja,Szymczak,Poznań,61-214,89,6313.49,516661970
118,Teodozja,Kaczmarska,Poznań,60-196,44,8561.36,505916686
119,Lila,Wilczyńska,Poznań,60-198,58,7099.48,575109687
120,Tatiana,Sadowska,Leszno,64-500,96,5214.54,452226717
121,Seweryna,Czajka,Poznań,60-313,83,6484.10,795556729
122,Renata,Urbańska,Leszno,60-312,91,6401.03,668544296
123,Anastazja,Dudek,Poznań,60-574,50,5606.68,660635265
124,Helena,Laskowska,Konin,62-105,100,7856.97,797548085
125,Marzenna,Nowicka,Konin,62-120,31,7469.29,452864178
126,Izabella,Michalak,Leszno,60-760,61,3818.70,660603793
127,Marta,Sikorska,Leszno,61-324,57,3696.95,539545887
128,Hanna,Rutkowska,Poznań,61-239,83,7849.37,531692009
129,Elfryda,Zielińska,Poznań,61-781,93,5369.43,518163881
130,Cecylia,Zielińska,Poznań,60-524,78,7604.08,797687853
131,Sława,Michalska,Gniezno,61-704,69,8561.86,780676065
132,Żaneta,Cieślak,Ostrów Wielkopolski,64-305,53,4458.09,455935045
133,Izabella,Stępieńska,Szamotuły,62-814,60,4176.93,698268125
134,Patrycja,Zawadzka,Kalisz,61-333,60,10348.86,454103724
135,Zofia,Kowalewska,Kalisz,61-418,20,7703.14,600716101
136,Heronima,Maj,Leszno,61-583,59,6161.52,607236506
137,Bolesława,Lewandowska,Gniezno,62-600,88,5132.12,731554200
138,Ingeborga,Bednarska,Gniezno,61-449,76,5979.12,606616748
139,Wiesława,Sadowska,Piła,60-395,83,4618.86,579223038
140,Otylia,Krajewska,Piła,60-252,50,8766.82,607506628
141,Arleta,Szymczak,Konin,63-012,61,5446.50,693595669
142,Lucjanna,Urbańska,Gniezno,61-892,21,9187.07,457740470
143,Edwarda,Urbaniak,Gniezno,26-590,49,6198.74,572653251
144,Albina,Laskowska,Leszno,61-553,57,4913.30,537739335
145,Julia,Kowalska,Szamotuły,61-116,39,6147.40,531877448
146,Izabella,Szewczyk,Poznań,61-368,21,1751.67,663879159
147,Eliza,Tomaszewska,Ostrów Wielkopolski,61-309,75,6758.46,793039987
148,Nina,Marciniak,Gniezno,61-627,54,6659.76,793915674
149,Zofia,Wilczyńska,Poznań,62-709,52,8649.49,694636891
150,Blanka,Domańska,Gniezno,64-840,38,3227.39,510003844
151,Ida,Wawrzyniak,Poznań,60-866,62,9323.73,783062056
152,Bogumiła,Cieślak,Gniezno,60-355,54,8641.20,698336566
153,Irmina,Domańska,Gniezno,62-811,57,9504.09,731270580
154,Józefa,Młynarczyk,Kalisz,62-731,66,6894.56,886617852
155,Tekla,Brzezińska,Piła,60-313,19,9027.79,661067193
156,Ludwika,Borkowska,Poznań,62-550,92,4057.51,606480601
157,Adriana,Adamczyk,Leszno,62-600,24,8426.10,451863389
158,Benedykta,Lis,Konin,61-729,55,5457.67,786485931
159,Wilhelmina,Szymańska,Poznań,60-265,35,3697.20,455247063
160,Józefa,Baranowska,Konin,61-871,61,4751.72,574384460
161,Ksenia,Rutkowska,Poznań,61-841,41,7011.06,662892961
162,Natalia,Urbaniak,Konin,62-064,89,5351.40,725567941
163,Ewa,Dudek,Konin,61-315,51,7752.15,458260594
164,Irmina,Domańska,Piła,61-003,70,3383.52,782746370
165,Izabella,Wasilewska,Leszno,61-243,38,2745.80,578916085
166,Ernestyna,Urbaniak,Piła,64-423,20,9744.77,883366821
167,Prakseda,Nowakowska,Konin,62-100,51,8807.60,791581534
168,Izabella,Tomczak,Leszno,62-610,62,4901.41,511436041
169,Kornela,Cieślak,Kalisz,61-011,56,6994.00,782619165
170,Eleonora,Kucharska,Konin,61-877,97,9039.01,539904654
171,Sławomira,Szczepańska,Poznań,61-212,76,7838.40,519263687
172,Karolina,Jasińska,Kalisz,61-308,100,7296.45,886000319
173,Włodzimiera,Szewczyk,Poznań,61-874,42,9190.31,789460909
174,Eugenia,Michalak,Konin,61-221,83,5538.58,510482699
175,Grażyna,Szewczyk,Kalisz,62-782,64,7062.36,882774530
176,Feliksa,Maj,Konin,61-643,68,6964.30,538873328
177,Ludwina,Kubicka,Piła,60-374,99,6454.48,721028394
178,Diana,Głowacka,Poznań,64-708,72,6220.39,792385541
179,Hanka,Górska,Szamotuły,60-703,92,7145.74,609799537
180,Diana,Szewczyk,Gniezno,61-767,78,7068.81,780239478
181,Stella,Czarnecka,Szamotuły,60-171,28,4903.14,600173121
182,Eliza,Bąk,Piła,60-654,75,8603.59,509255351
183,Izabella,Dudek,Poznań,63-013,58,5047.23,797550198
184,Konstancja,Dudek,Kalisz,62-604,93,6563.53,601830557
185,Edeltrauda,Urbaniak,Poznań,64-010,84,6409.44,791797651
186,Izabella,Kulesza,Piła,61-348,27,7716.21,517072493
187,Genowefa,Zielińska,Kalisz,61-638,29,2761.79,882163670
188,Eufemia,Czerwińska,Poznań,62-080,24,8781.82,694230626
189,Julia,Rutkowska,Szamotuły,60-226,58,5646.02,500349496
190,Lucjanna,Maciejewska,Poznań,62-292,25,9439.93,727705933
191,Alfreda,Kucharska,Kalisz,63-842,77,6043.67,505119382
192,Henryka,Wawrzyniak,Gniezno,60-783,63,6902.31,501959029
193,Ernestyna,Zawadzka,Poznań,61-288,87,10827.57,882727373
194,Mariola,Wawrzyniak,Kalisz,61-136,41,6445.32,796349280
195,Gabriela,Grabowska,Piła,60-425,61,9477.70,660181022
196,Teofila,Głowacka,Poznań,60-785,28,7078.09,725673167
197,Jowita,Sadowska,Kalisz,64-410,91,7830.84,694530954
198,Daniela,Kamińska,Poznań,69-921,32,7139.92,730664964
199,Zenona,Szczepańska,Gniezno,61-758,26,8695.70,699180991
200,Wincentyna,Olszewska,Poznań,61-419,35,5628.94,573923365
201,Bernardeta,Nowicka,Szamotuły,61-741,84,5031.90,737961578
202,Kornelia,Urbańska,Piła,61-730,27,5722.85,692617100
203,Marta,Sokołowska,Poznań,61-139,68,7199.42,530101329
204,Teresa,Andrzejewska,Leszno,61-752,79,6558.36,797518599
205,Natalia,Bednarska,Kalisz,60-506,80,8420.55,502302887
206,Regina,Pawlicka,Gniezno,64-704,34,9609.46,882751609
207,Florentyna,Malinowska,Konin,62-652,23,5048.32,692558575
208,Henryka,Jaworska,Poznań,63-450,55,5532.10,692228361
209,Adelajda,Laskowska,Poznań,64-412,35,4127.52,793516724
210,Inga,Szewczyk,Ostrów Wielkopolski,60-348,75,11060.75,575853783
211,Żaneta,Urbańska,Konin,61-289,47,7609.34,575358337
212,Wioletta,Olszewska,Piła,61-477,55,7959.60,665059380
213,Erika,Kucharska,Konin,60-851,27,4319.58,885803977
214,Lubomira,Kaczmarska,Szamotuły,63-004,65,6997.66,539856125
215,Olimpia,Michalska,Poznań,61-392,33,8018.50,888804500
216,Regina,Kowalewska,Poznań,60-355,74,6494.48,726397530
217,Henryka,Olszewska,Szamotuły,62-200,24,9151.41,728146304
218,Wielisława,Sawicka,Szamotuły,60-213,98,11623.66,509665322
219,Zenobia,Brzezińska,Leszno,60-309,74,5105.87,791821849
220,Walentyna,Adamczyk,Konin,60-202,33,4955.83,506308792
221,Karina,Górska,Konin,61-523,19,5244.49,886648325
222,Edeltrauda,Wilczyńska,Konin,61-417,45,10212.40,796838730
223,Radosława,Rutkowska,Poznań,61-251,31,9084.71,695107344
224,Honorata,Dudek,Piła,62-050,36,6728.94,726032147
225,Sława,Wilczyńska,Poznań,61-517,90,7073.12,662230292
226,Jadwiga,Makowska,Gniezno,61-219,67,5366.91,507523498
227,Irmina,Makowska,Poznań,62-291,32,8780.05,578540969
228,Leontyna,Wojciechowska,Poznań,61-136,64,6240.20,609175197
229,Lucyna,Borkowska,Gniezno,60-639,39,6479.85,455404714
230,Bogumiła,Górska,Leszno,60-549,98,8217.58,692480916
231,Kamila,Pawlak,Gniezno,63-507,21,6624.01,507892809
232,Galina,Górecka,Poznań,60-720,78,6530.07,786893761
233,Lilia,Sikora,Szamotuły,64-316,81,7021.15,538038498
234,Otolia,Górska,Gniezno,64-530,24,8590.71,662976111
235,Erika,Cieślicka,Piła,62-006,32,10292.99,781322145
236,Kinga,Górecka,Poznań,61-819,50,8170.97,456586027
237,Ingeborga,Laskowska,Leszno,60-222,89,8606.63,662438248
238,Janina,Dudek,Konin,60-356,62,6600.29,733596183
239,Józefa,Czerwińska,Kalisz,60-284,72,5584.40,666194095
240,Ernestyna,Wasilewska,Leszno,61-699,82,8307.97,459590470
241,Dobrosława,Kowalska,Poznań,60-803,86,7342.48,506945848
242,Natalia,Król,Konin,61-734,57,4154.74,514102489
243,Eliza,Borkowska,Poznań,60-245,60,6343.86,666990546
244,Rita,Krawczyk,Konin,64-810,77,6834.21,602402843
245,Celestyna,Kaczmarek,Poznań,60-786,40,5979.08,782016659
246,Maryla,Pawłowska,Poznań,60-335,88,9963.47,535124954
247,Marzanna,Górecka,Kalisz,61-502,20,7959.68,510132458
248,Izabella,Wilczyńska,Konin,61-664,34,9746.35,575997298
249,Ewelina,Wiśniewska,Leszno,60-615,84,7526.85,724998001
250,Seweryna,Cieślicka,Kalisz,61-852,46,7162.78,507863126
251,Celestyna,Cieślicka,Gniezno,60-782,30,5126.80,662564669
252,Marlena,Czajka,Konin,60-196,33,7023.86,788482874
253,Olga,Pawłowska,Kalisz,60-651,62,7026.11,882624235
254,Celina,Czarnecka,Szamotuły,63-233,87,4265.77,793674847
255,Eufemia,Walczak,Kalisz,61-509,24,5920.95,730870857
256,Berta,Szewczyk,Piła,64-360,20,6353.43,600984897
257,Lucyna,Tomczak,Gniezno,60-261,56,7826.96,533040065
258,Alicja,Michalska,Poznań,60-808,96,7922.70,792926066
259,Lilia,Zielińska,Konin,62-814,41,5837.36,518151401
260,Marzena,Bednarska,Gniezno,65-590,97,7937.74,727512827
261,Marcelina,Kulesza,Ostrów Wielkopolski,61-252,91,6635.84,723219455
262,Zenona,Kowalska,Konin,62-561,41,1260.76,507601501
263,Marta,Wójcik,Poznań,60-623,85,6030.60,793734720
264,Emma,Ostrowska,Kalisz,60-325,74,9157.98,788923475
265,Izabela,Tomaszewska,Poznań,60-104,60,3636.39,889413865
266,Honorata,Dudek,Gniezno,62-100,53,7225.38,530957749
267,Mariola,Zawadzka,Kalisz,61-423,85,10170.52,738962187
268,Mirosława,Mazurska,Gniezno,61-816,83,5478.77,605204310
269,Zofia,Marciniak,Piła,62-052,80,7004.30,734944670
270,Marianna,Zakrzewska,Kalisz,61-833,100,4391.97,735309785
271,Łucja,Kubicka,Kalisz,60-860,57,10254.46,795286530
272,Jolanta,Kulesza,Gniezno,61-121,84,6833.33,578615907
273,Patrycja,Pawlak,Piła,61-307,89,7093.25,789293480
274,Luiza,Czerwińska,Piła,61-294,35,9708.60,666835395
275,Izabella,Kowalska,Poznań,61-537,21,8322.96,780365055
276,Izabella,Grabowska,Kalisz,60-639,51,5248.74,667181976
277,Adelajda,Cieślicka,Poznań,60-747,88,5705.44,451937021
278,Jowita,Wasilewska,Piła,60-287,42,7989.86,693117605
279,Ala,Pawlak,Kalisz,63-400,75,5751.76,664116139
280,Helena,Krawczyk,Konin,61-166,19,2765.51,889305403
281,Sabina,Kwiatkowska,Poznań,64-061,47,6893.52,577863475
282,Celina,Lewandowska,Leszno,60-204,68,4039.57,606519615
283,Wacława,Przybylska,Gniezno,64-410,29,10232.56,512313813
284,Edwarda,Wiśniewska,Poznań,62-106,92,7353.58,886060689
285,Anastazja,Wiśniewska,Poznań,61-116,31,5189.65,795708210
286,Bożena,Kucharska,Piła,61-064,93,5602.74,732248871
287,Izabella,Kowalska,Gniezno,60-514,36,3221.20,516161345
288,Eliza,Maciejewska,Poznań,64-115,100,4801.08,519122432
289,Hanna,Olszewska,Leszno,60-538,68,9032.65,531829996
290,Judyta,Maj,Szamotuły,60-351,25,11463.57,516946089
291,Stanisława,Sadowska,Gniezno,61-332,23,8452.79,694642269
292,Sława,Nowicka,Kalisz,60-834,24,6815.91,609311081
293,Stefania,Kowalska,Leszno,60-654,66,6136.08,733788513
294,Estera,Kołodziejska,Leszno,60-647,84,5087.01,789831767
295,Modesta,Kubicka,Poznań,61-845,51,11119.53,693950980
296,Bibianna,Cieślak,Gniezno,61-409,54,6622.50,792468648
297,Augustyna,Duda,Poznań,60-681,66,11231.26,511738109
298,Wincentyna,Stępieńska,Poznań,60-626,62,9787.04,727815254
299,Ruta,Kucharska,Gniezno,63-840,74,3518.41,457991588
300,Wincentyna,Górska,Szamotuły,61-778,57,5668.10,513044798
301,Monika,Olszewska,Gniezno,60-279,77,5661.91,501375123
302,Eliza,Szewczyk,Konin,60-169,100,6840.31,603817908
303,Sławomira,Jasińska,Konin,61-897,47,6879.37,783403647
304,Hermina,Urbańska,Konin,61-327,19,12992.48,570513568
305,Ryszarda,Wiśniewska,Leszno,62-840,28,4845.54,690483628
306,Izabella,Pawlicka,Kalisz,62-650,63,7457.94,732687974
307,Kunegunda,Sadowska,Konin,63-830,46,8233.02,534555618
308,Julia,Bednarska,Kalisz,61-001,95,6996.86,509112325
309,Bogumiła,Wójcik,Piła,62-561,69,7220.36,692248516
310,Elwira,Kucharska,Ostrów Wielkopolski,61-762,61,4910.38,782991607
311,Anastazja,Wiśniewska,Poznań,61-766,83,7212.97,530540260
312,Natalia,Ostrowska,Konin,60-767,39,8022.80,785548652
313,Izabella,Adamska,Poznań,61-039,85,7655.20,570235498
314,Izabella,Baranowska,Konin,60-232,18,8140.40,507600530
315,Izabella,Sikora,Leszno,26-590,69,9825.22,734495032
316,Izabella,Olszewska,Poznań,61-375,95,8873.93,739143437
317,Krzysztofa,Andrzejewska,Gniezno,64-360,83,7142.59,727985349
318,Felicja,Szczepańska,Kalisz,63-750,88,4656.48,605493899
319,Izydora,Walczak,Szamotuły,60-264,51,5799.99,789279515
320,Ksenia,Mazurska,Poznań,62-000,86,6560.74,504035801
321,Gizela,Maj,Poznań,60-538,63,7504.69,668937544
322,Izabella,Adamska,Konin,61-302,69,6043.33,698441001
323,Eliza,Szymczak,Poznań,61-502,23,5128.53,781000750
324,Malwina,Kowalska,Poznań,61-012,35,4623.60,518528759
325,Jarosława,Wawrzyniak,Ostrów Wielkopolski,61-602,63,3697.64,503332630
326,Erika,Kubicka,Poznań,60-469,23,6530.10,792186540
327,Eliza,Olszewska,Poznań,61-608,79,4060.67,664321915
328,Leontyna,Kaczmarska,Kalisz,60-701,87,4998.95,516933509
329,Aldona,Duda,Kalisz,60-005,93,6212.20,721680929
330,Leonia,Szymańska,Kalisz,61-782,26,4328.17,452440325
331,Sylwia,Mazurska,Konin,60-203,95,7759.50,721907979
332,Inga,Młynarczyk,Piła,63-840,24,8480.45,606084444
333,Cyryla,Zając,Poznań,60-138,57,5901.15,794787849
334,Regina,Zając,Konin,60-378,87,6125.95,454446220
335,Amelia,Wasilewska,Gniezno,60-347,24,8074.86,608791525
336,Genowefa,Dąbrowska,Piła,60-731,19,5572.01,880007137
337,Benedykta,Pawlicka,Konin,61-672,20,5434.53,880895386
338,Renata,Wawrzyniak,Kalisz,60-232,60,9393.00,513594541
339,Włodzimiera,Kubicka,Poznań,60-725,85,8768.38,459232536
340,Magdalena,Cieślicka,Poznań,60-328,28,8203.10,500859957
341,Heronima,Tomczak,Poznań,61-541,28,8851.29,722638872
342,Augustyna,Malinowska,Gniezno,62-406,65,3045.44,889892617
343,Anetta,Olszewska,Leszno,64-610,37,9707.67,513545541
344,Ingeborga,Zawadzka,Gniezno,60-692,78,7784.12,784438785
345,Dobrosława,Pawłowska,Poznań,61-212,96,9021.56,519707391
346,Iza,Lewandowska,Piła,61-486,81,7774.32,728440504
347,Róża,Kubicka,Piła,60-849,90,7097.85,786416751
348,Patrycja,Laskowska,Poznań,61-442,61,6449.38,538939004
349,Genowefa,Czarnecka,Poznań,60-439,86,7734.29,793127936
350,Amelia,Szymczak,Poznań,64-061,33,6376.50,518030935
351,Emilia,Urbańska,Piła,64-850,24,8735.75,736486125
352,Dagmara,Kamińska,Poznań,63-234,72,3827.09,531935911
353,Edwarda,Kaźmierczak,Kalisz,60-307,22,5916.85,729615331
354,Liliana,Wawrzyniak,Konin,60-661,91,11089.65,884956605
355,Eliza,Andrzejewska,Gniezno,60-357,75,5747.84,531304745
356,Ludomira,Michalska,Kalisz,60-791,96,6522.63,734109629
357,Sylwestra,Maj,Kalisz,60-631,44,5234.84,573698811
358,Arleta,Sobczak,Ostrów Wielkopolski,61-219,58,7671.69,577877128
359,Teofila,Duda,Poznań,61-203,79,5527.47,791826617
360,Otolia,Sadowska,Piła,60-278,38,6628.78,694992379
361,Władysława,Kubicka,Poznań,60-336,62,8697.73,530290897
362,Aleksandra,Pawłowska,Konin,60-841,72,5602.47,886902760
363,Renata,Baranowska,Piła,60-863,98,8577.22,600646400
364,Klementyna,Maj,Gniezno,60-271,79,8644.46,739472555
365,Kamila,Michalska,Gniezno,60-309,28,9109.91,883670970
366,Mirela,Górska,Poznań,61-248,57,7281.08,531683261
367,Tekla,Domańska,Konin,61-136,66,13482.52,666083778
368,Izabella,Gajewska,Konin,62-022,30,9109.07,570934688
369,Ida,Kozłowska,Kalisz,60-552,53,7649.76,458727018
370,Ludomira,Cieślak,Konin,61-689,41,5248.15,514391165
371,Julia,Wójcik,Leszno,63-220,28,6805.88,577912378
372,Izabella,Kulesza,Leszno,61-624,60,9852.65,695735670
373,Izabella,Tomaszewska,Poznań,64-520,32,10419.07,791964265
374,Aniela,Zakrzewska,Konin,60-703,66,9956.66,575389330
375,Marzena,Bąk,Poznań,60-521,32,8570.38,794949701
376,Włodzimiera,Rutkowska,Piła,64-761,77,4488.68,508526157
377,Nina,Wawrzyniak,Kalisz,61-728,34,7974.32,570041022
378,Izabella,Przybylska,Poznań,60-575,91,4517.20,786025075
379,Ligia,Lewandowska,Gniezno,61-820,20,4025.06,509214490
380,Bernarda,Lewandowska,Piła,60-224,61,7478.32,511952052
381,Włodzimiera,Baranowska,Poznań,61-642,44,8046.40,512041236
382,Marcela,Młynarczyk,Poznań,61-741,36,8806.75,782229187
383,Gizela,Zielińska,Poznań,60-787,57,7994.27,518325732
384,Izabella,Zając,Poznań,62-301,87,8063.17,601913411
385,Jagoda,Baranowska,Gniezno,61-231,93,5030.69,609154983
386,Bernardyna,Sokołowska,Ostrów Wielkopolski,60-773,43,6790.05,667921502
387,Kornela,Kaźmierczak,Poznań,61-802,31,3985.77,510739352
388,Aleksandra,Wilk,Gniezno,60-548,77,2993.26,730348565
389,Ala,Bednarska,Poznań,60-192,66,8481.29,889451256
390,Luba,Wojciechowska,Kalisz,62-040,34,5493.75,508488029
391,Henryka,Urbańska,Gniezno,61-286,80,8745.00,729136721
392,Elfryda,Czajka,Konin,61-857,61,9216.70,784767581
393,Krzysztofa,Borkowska,Poznań,64-125,72,5761.37,798389349
394,Teresa,Urbańska,Kalisz,61-379,47,8180.62,513451671
395,Marlena,Duda,Ostrów Wielkopolski,61-747,54,5677.69,609003809
396,Marcelina,Młynarczyk,Poznań,62-580,33,3308.24,699778849
397,Violetta,Witkowska,Poznań,63-460,80,7246.62,885400065
398,Leonarda,Olszewska,Poznań,61-245,31,6058.25,883739475
399,Paulina,Kulesza,Kalisz,61-136,82,6119.82,665935681
400,Pelagia,Maciejewska,Kalisz,62-540,83,10950.69,735577528
401,Ksenia,Brzezińska,Gniezno,61-567,79,3948.29,721468400
402,Marcela,Zakrzewska,Gniezno,60-728,20,7765.74,502561493
403,Alina,Kaźmierczak,Piła,61-714,40,5010.39,727989919
404,Józefina,Gajewska,Gniezno,61-661,56,8816.52,783283495
405,Larysa,Kamińska,Poznań,61-524,67,7596.86,720160507
406,Ludwika,Zając,Kalisz,60-718,93,7758.69,608226006
407,Magda,Cieślak,Leszno,60-159,49,5110.22,514507745
408,Lucyna,Wasilewska,Leszno,60-694,90,5468.82,507310561
409,Zbigniewa,Sokołowska,Szamotuły,64-330,31,8854.50,699915901
410,Filomena,Urbańska,Gniezno,61-155,48,10541.60,532443840
411,Seweryna,Zawadzka,Ostrów Wielkopolski,62-020,22,7960.62,739728913
412,Iwona,Walczak,Konin,60-709,79,5205.16,795689149
413,Ida,Wysocka,Kalisz,63-642,30,7677.88,887583042
414,Halina,Czerwińska,Kalisz,60-245,39,11854.94,664733475
415,Alfreda,Szymczak,Poznań,60-113,82,7204.85,452857750
416,Marta,Nowicka,Poznań,61-047,62,9923.68,573895043
417,Mirela,Nowakowska,Kalisz,61-469,19,5519.34,668055137
418,Wioletta,Wilk,Poznań,62-600,18,6915.83,502426914
419,Adolfina,Zakrzewska,Szamotuły,61-611,60,8239.13,535192030
420,Klementyna,Sokołowska,Poznań,61-632,43,7794.66,662739120
421,Ewa,Malinowska,Poznań,60-330,33,5467.22,579387315
422,Krystyna,Maciejewska,Gniezno,61-155,68,5380.97,661546577
423,Stanisława,Kucharska,Poznań,60-463,37,8976.57,724373232
424,Rita,Król,Piła,63-940,67,9383.10,790409631
425,Augustyna,Kucharska,Gniezno,60-740,49,10024.29,539683139
426,Ilona,Cieślak,Poznań,63-760,33,10607.86,506996915
427,Ala,Bąk,Gniezno,61-662,29,7269.24,661983281
428,Marianna,Szymańska,Kalisz,61-743,37,6377.60,530976157
429,Augustyna,Maciejewska,Gniezno,61-541,20,9701.98,575528444
430,Wielisława,Wiśniewska,Piła,60-802,43,8426.14,669884772
431,Konstancja,Pawłowska,Gniezno,60-788,92,5035.09,519517096
432,Balbina,Baranowska,Kalisz,61-874,86,4932.73,737693130
433,Andżelika,Duda,Leszno,60-149,49,7983.86,666103474
434,Małgorzata,Górecka,Gniezno,62-586,65,6645.45,660698804
435,Sylwia,Zawadzka,Szamotuły,60-801,65,6947.14,665539962
436,Czesława,Głowacka,Kalisz,60-307,86,9145.07,507098476
437,Adelajda,Michalska,Gniezno,60-284,37,8518.07,536639676
438,Eufemia,Wojciechowska,Konin,64-730,42,9659.75,577125331
439,Lucja,Zawadzka,Gniezno,60-863,43,3136.93,733024471
440,Ala,Jakubowska,Ostrów Wielkopolski,60-182,21,7506.80,883550386
441,Bronisława,Bednarska,Poznań,62-100,44,8389.38,504041669
442,Leonia,Domańska,Poznań,62-782,90,3946.83,738638190
443,Aneta,Brzezińska,Kalisz,60-373,93,5690.21,534444073
444,Julia,Górecka,Konin,61-663,27,5319.03,514098679
445,Bogna,Olszewska,Kalisz,60-321,56,7043.40,665480258
446,Leona,Witkowska,Poznań,61-223,49,10255.71,720721019
447,Amelia,Młynarczyk,Konin,61-411,58,11045.18,502433530
448,Jolanta,Pietrzak,Kalisz,60-306,63,5371.42,737319771
449,Amelia,Górecka,Kalisz,61-541,20,8053.11,518338786
450,Helena,Szymczak,Gniezno,61-245,87,8117.60,736187761
451,Alojza,Pawłowska,Gniezno,60-790,98,7775.25,794165001
452,Bogna,Wasilewska,Kalisz,64-840,72,7797.96,790913790
453,Emilia,Włodarczyk,Gniezno,63-210,72,7607.49,534672006
454,Iwona,Kołodziejska,Kalisz,61-885,61,10375.14,574615247
455,Zdzisława,Cieślak,Kalisz,61-462,45,9204.93,663556311
456,Leona,Jabłońska,Kalisz,61-770,30,4879.69,506807782
457,Leonarda,Lis,Poznań,61-707,66,8591.44,507296486
458,Ingeborga,Wójcik,Leszno,62-261,22,8784.75,698868530
459,Luba,Kubicka,Kalisz,61-478,86,7629.93,662226716
460,Edwarda,Szulc,Piła,60-568,53,9262.85,570090070
461,Marzena,Nowakowska,Gniezno,61-475,52,7376.15,538377949
462,Iza,Dąbrowska,Poznań,64-720,45,7400.94,725251635
463,Walentyna,Kowalska,Kalisz,60-226,97,7242.48,575274763
464,Klaudia,Rutkowska,Poznań,61-397,32,2963.51,608164979
465,Erna,Sadowska,Gniezno,61-481,30,6839.20,797823300
466,Sonia,Lewandowska,Piła,61-047,32,5663.50,604284119
467,Gabryela,Jabłońska,Kalisz,60-247,72,4627.10,517343251
468,Leokadia,Stępieńska,Kalisz,60-263,99,9868.04,730045336
469,Eryka,Dudek,Leszno,61-845,37,8008.42,517780881
470,Anita,Wojciechowska,Konin,60-548,92,6940.34,782443341
471,Albina,Dąbrowska,Piła,60-562,41,5870.39,574686013
472,Władysława,Cieślicka,Gniezno,60-782,71,7592.34,724502822
473,Monika,Mazurska,Kalisz,60-475,21,8982.87,885967270
474,Michalina,Michalska,Konin,60-782,59,5346.07,693435714
475,Apolonia,Michalak,Poznań,60-536,72,6990.34,606661708
476,Ludmiła,Lis,Poznań,61-552,62,8736.13,732683730
477,Amelia,Zielińska,Poznań,61-716,38,3128.00,787422744
478,Leontyna,Malinowska,Konin,61-758,86,6884.86,665580075
479,Marzanna,Makowska,Szamotuły,60-805,98,6141.42,799753605
480,Romualda,Laskowska,Kalisz,60-553,56,6732.34,791328796
481,Franciszka,Brzezińska,Poznań,61-295,70,5996.74,450854915
482,Elfryda,Pawlicka,Poznań,61-576,83,7275.25,605573880
483,Izabella,Jabłońska,Leszno,60-803,38,10847.25,886644458
484,Ewa,Przybylska,Piła,61-288,89,6352.16,458842818
485,Kamila,Bednarska,Konin,61-395,41,7583.42,537997558
486,Albina,Zawadzka,Gniezno,61-218,82,10989.49,537035882
487,Zuzanna,Majewska,Gniezno,61-387,27,5899.97,510196444
488,Edwarda,Wilk,Poznań,62-320,42,10629.35,664611513
489,Wioleta,Makowska,Kalisz,60-683,62,7010.65,577902263
490,Domicela,Brzezińska,Szamotuły,60-848,61,10563.79,669705705
491,Sonia,Urbaniak,Konin,64-700,88,8500.40,694494544
492,Jarosława,Rutkowska,Poznań,61-625,100,7614.22,720328510
493,Izabella,Szymańska,Szamotuły,61-019,27,6868.74,451863798
494,Benigna,Lewandowska,Piła,62-001,40,5751.92,735328670
495,Nadzieja,Przybylska,Kalisz,61-531,47,7151.58,690077445
496,Hildegarda,Wasilewska,Kalisz,61-321,57,8794.72,508396899
497,Eulalia,Piotrowska,Poznań,61-414,59,6973.78,792895594
498,Izabella,Kołodziejska,Piła,60-438,88,6366.75,503985639
499,Dominika,Sadowska,Kalisz,61-622,81,6498.43,728374585
500,Olimpia,Sadowska,Poznań,60-502,20,8984.95,721068265
501,Alojza,Zając,Gniezno,60-818,55,9450.32,535405024
502,Emma,Kubicka,Szamotuły,64-840,69,5665.70,458677438
503,Salomea,Lewandowska,Piła,61-127,56,5662.82,669668642
504,Eliza,Tomczak,Leszno,61-327,29,7758.72,453303182
505,Sylwestra,Michalak,Poznań,60-812,51,10055.06,454522960
506,Izabella,Szczepańska,Szamotuły,60-665,52,9291.98,452074891
507,Magda,Maj,Szamotuły,61-519,33,4496.30,884420675
508,Marzenna,Górska,Kalisz,61-226,80,6471.85,722416624
509,Mirosława,Szczepańska,Kalisz,60-209,44,5138.79,795188470
510,Agnieszka,Czerwińska,Konin,61-832,66,6464.97,732186573
511,Wirginia,Górecka,Konin,61-302,60,10208.82,733078851
512,Marianna,Pietrzak,Poznań,61-879,90,4154.80,451330486
513,Adela,Szewczyk,Poznań,61-852,28,3762.27,668805516
514,Izabella,Wilczyńska,Poznań,61-734,27,5342.89,725834506
515,Emilia,Kaczmarska,Piła,61-409,43,7574.62,796190725
516,Izabella,Czajka,Poznań,61-019,53,8241.51,666267477
517,Amalia,Włodarczyk,Poznań,63-002,42,7874.90,794145858
518,Elżbieta,Duda,Kalisz,60-763,81,9351.37,607575411
519,Blanka,Górecka,Poznań,61-425,38,3473.83,727743922
520,Hermina,Kamińska,Poznań,60-725,25,9376.67,505470434
521,Izabella,Młynarczyk,Kalisz,61-644,52,6375.81,793812743
522,Mariola,Wieczorek,Konin,63-450,81,8462.99,577232018
523,Daria,Szulc,Kalisz,60-407,88,4353.15,721817387
524,Władysława,Sokołowska,Piła,60-694,78,7009.91,883316225
525,Izabella,Dudek,Poznań,60-536,64,7472.54,510197626
526,Heronima,Krawczyk,Piła,63-440,77,9311.50,880809409
527,Józefina,Makowska,Piła,63-940,74,3829.49,579353007
528,Konstancja,Domańska,Piła,61-575,37,7061.51,734367097
529,Zenona,Kaczmarska,Kalisz,60-642,63,4829.53,781526191
530,Adrianna,Kaźmierczak,Kalisz,62-862,81,8010.99,570182817
531,Zinaida,Czerwińska,Kalisz,62-235,44,8554.43,605141471
532,Izabella,Nowicka,Gniezno,60-616,72,9574.34,510332115
533,Ruta,Sokołowska,Poznań,64-530,57,5929.94,504634760
534,Barbara,Brzezińska,Szamotuły,61-295,59,8854.45,664237045
535,Justyna,Malinowska,Kalisz,61-485,25,9721.80,507244975
536,Eliza,Szymańska,Gniezno,60-104,73,3713.51,506013391
537,Eugenia,Szewczyk,Konin,60-854,89,8224.69,515359259
538,Izabela,Tomczak,Poznań,69-921,30,8917.02,504185718
539,Magda,Maciejewska,Kalisz,60-252,48,6482.55,503918010
540,Elza,Tomczak,Kalisz,61-680,22,4578.45,691447030
541,Irmina,Jakubowska,Konin,60-765,20,8885.91,791723842
542,Andżelika,Król,Leszno,61-676,99,4600.98,880007269
543,Elza,Dudek,Poznań,60-012,58,6643.30,661775359
544,Bogumiła,Majewska,Kalisz,60-309,47,6919.75,579523257
545,Julianna,Kucharska,Konin,60-613,41,8431.08,722242921
546,Izabella,Jakubowska,Szamotuły,60-628,98,5746.74,666481130
547,Joanna,Szewczyk,Poznań,61-894,39,5630.83,508220272
548,Laura,Kowalewska,Leszno,63-524,78,7197.83,794447522
549,Teodozja,Kaczmarska,Leszno,61-615,41,9012.78,723247399
550,Kinga,Czerwińska,Kalisz,61-637,24,11574.90,730177638
551,Leokadia,Lis,Kalisz,60-783,74,3985.04,538553783
552,Sabina,Kaźmierczak,Kalisz,60-332,18,7630.68,798497272
553,Aniceta,Kubicka,Szamotuły,60-723,73,4826.93,504377807
554,Grażyna,Jakubowska,Leszno,60-232,39,9037.62,578621152
555,Natalia,Szulc,Gniezno,61-493,79,5122.91,783466772
556,Eleonora,Wiśniewska,Poznań,60-683,81,5650.70,600982966
557,Arleta,Mazurska,Poznań,61-745,77,5821.46,506858273
558,Elfryda,Rutkowska,Konin,61-052,20,6847.60,698880078
559,Marzenna,Wasilewska,Poznań,60-715,76,7646.40,785540851
560,Renata,Zielińska,Kalisz,61-309,99,7967.40,516813100
561,Wiktoria,Pawłowska,Gniezno,60-693,38,6988.46,734022427
562,Estera,Wilczyńska,Gniezno,61-710,40,4340.22,500957693
563,Luba,Witkowska,Kalisz,62-710,85,8455.57,730527097
564,Sonia,Szymczak,Kalisz,61-854,31,6894.08,782814404
565,Tekla,Maj,Konin,61-524,72,9323.47,797172340
566,Ludomira,Bąk,Poznań,61-632,80,5584.52,726810984
567,Urszula,Andrzejewska,Poznań,60-639,21,3795.45,605835941
568,Izabella,Makowska,Gniezno,61-575,63,6931.95,532112957
569,Tamara,Mazurska,Ostrów Wielkopolski,60-257,65,9591.91,514907444
570,Izabella,Kwiatkowska,Poznań,61-421,43,7321.88,785740170
571,Estera,Olszewska,Kalisz,62-053,90,6600.66,726531266
572,Bolesława,Nowicka,Gniezno,60-257,31,5259.31,729271317
573,Wilhelmina,Urbańska,Piła,60-558,48,10515.53,602958430
574,Ala,Cieślicka,Kalisz,60-284,88,4940.79,459629703
575,Adelajda,Głowacka,Kalisz,60-419,34,5549.21,506319287
576,Serafina,Szymczak,Gniezno,61-537,85,8140.07,666959797
577,Elfryda,Walczak,Piła,60-169,24,3287.96,604186566
578,Ala,Zielińska,Poznań,61-386,58,9549.18,798477295
579,Izabella,Wawrzyniak,Szamotuły,62-571,24,8248.39,693675356
580,Kornelia,Wilczyńska,Poznań,61-425,74,8798.46,500385438
581,Eliza,Kowalewska,Piła,61-478,83,8116.23,734694303
582,Lucyna,Kulesza,Poznań,60-461,88,6677.75,456598487
583,Zenobia,Kaczmarek,Poznań,61-334,98,4873.70,736924164
584,Ksenia,Pawłowska,Poznań,61-728,73,6719.85,798615148
585,Lucja,Wojciechowska,Konin,61-501,81,5049.53,501434738
586,Gabriela,Kozłowska,Leszno,60-434,59,7972.31,660079622
587,Izabella,Olszewska,Poznań,60-642,93,8613.56,534141550
588,Aneta,Kaźmierczak,Konin,61-456,71,9953.62,511909515
589,Jadwiga,Dudek,Konin,60-232,90,7743.54,662967017
590,Sława,Górecka,Gniezno,61-509,37,8849.15,735944727
591,Julianna,Borkowska,Piła,60-306,59,6405.71,730424895
592,Brygida,Włodarczyk,Gniezno,61-513,78,6043.45,735604874
593,Teofila,Kulesza,Poznań,63-760,35,7947.34,883431814
594,Anna,Urbańska,Leszno,62-820,35,6227.05,537962461
595,Michalina,Sikora,Piła,61-895,98,7538.37,721375410
596,Domicela,Grabowska,Poznań,61-646,54,4877.62,534197529
597,Leontyna,Dudek,Konin,61-672,33,5236.74,455628792
598,Leona,Tomczak,Szamotuły,61-816,45,8270.82,603639503
599,Amelia,Kaczmarek,Szamotuły,60-547,51,8773.38,720774638
600,Elwira,Witkowska,Konin,60-224,69,5028.69,785972159
601,Raisa,Domańska,Gniezno,62-003,94,8341.23,502828956
602,Modesta,Sawicka,Konin,60-688,99,5934.53,600297907
603,Maja,Tomczak,Gniezno,77-470,71,7033.01,663042080
604,Adolfa,Jakubowska,Poznań,61-764,75,9833.89,691633714
605,Marcela,Kalinowska,Poznań,64-707,44,8614.97,888768116
606,Celestyna,Zając,Kalisz,62-080,88,8591.74,888101787
607,Mirosława,Kaczmarek,Poznań,60-144,36,10817.58,698210517
608,Irmgarda,Lewandowska,Gniezno,64-224,27,5592.24,533082974
609,Nina,Lewandowska,Leszno,60-012,98,5028.25,734815236
610,Bernarda,Jasińska,Piła,61-151,89,5555.76,725544556
611,Jarosława,Szymańska,Piła,60-304,43,6491.00,739904006
612,Julitta,Szulc,Kalisz,61-037,73,2290.90,517534442
613,Edmunda,Kubicka,Gniezno,61-683,56,6585.14,574336244
614,Aldona,Urbańska,Leszno,61-007,44,5910.86,451899575
615,Leonia,Górska,Kalisz,61-249,42,8567.52,793926249
616,Hanka,Adamska,Poznań,60-374,29,7704.84,450264109
617,Izabella,Olszewska,Piła,62-436,63,5798.61,531945826
618,Henryka,Zielińska,Piła,60-282,55,8179.92,723553548
619,Helena,Baranowska,Piła,61-841,60,8446.53,604795259
620,Wincentyna,Górska,Piła,61-051,36,5462.91,576205706
621,Karina,Michalska,Szamotuły,60-208,95,6013.95,666306900
622,Jagoda,Tomczak,Poznań,60-568,70,2549.27,735055103
623,Liliana,Cieślak,Szamotuły,61-571,92,4818.68,888544418
624,Bibianna,Kucharska,Kalisz,61-206,27,5515.06,726635405
625,Romualda,Szewczyk,Konin,60-791,69,7148.33,790220044
626,Hieronima,Kubicka,Kalisz,61-675,88,5109.23,515193394
627,Renata,Gajewska,Leszno,61-213,45,5973.10,530941192
628,Irmina,Górecka,Leszno,61-123,34,4549.34,539582486
629,Augustyna,Kwiatkowska,Poznań,62-105,40,7342.23,609914069
630,Sława,Makowska,Poznań,63-421,40,7851.43,451177377
631,Roma,Wasilewska,Kalisz,61-842,55,7804.73,798063605
632,Ewa,Rutkowska,Piła,60-867,45,7024.72,660370005
633,Izabella,Sobczak,Kalisz,60-504,40,3917.85,697479721
634,Bożena,Zawadzka,Kalisz,60-848,71,5760.09,731821363
635,Józefa,Laskowska,Konin,62-650,22,6185.39,797545755
636,Blandyna,Kulesza,Konin,61-542,46,6193.41,736076513
637,Lubomira,Wiśniewska,Poznań,77-420,75,7149.96,573342808
638,Konstancja,Jankowska,Piła,61-511,32,9851.08,889865626
639,Adamina,Stępieńska,Poznań,60-748,36,8624.19,577502498
640,Bogdana,Szewczyk,Gniezno,60-205,34,5024.96,880926236
641,Augustyna,Cieślak,Gniezno,62-067,18,8356.81,519467129
642,Bożena,Majewska,Kalisz,61-529,57,8280.60,799626506
643,Natalia,Górecka,Piła,63-023,21,5387.87,539408731
644,Amelia,Dąbrowska,Leszno,63-600,40,8697.73,698338961
645,Cyryla,Maj,Piła,61-409,100,6679.25,457822660
646,Krystyna,Kamińska,Gniezno,60-345,93,4180.09,696411747
647,Sławomira,Szymczak,Gniezno,60-433,36,7910.41,884357561
648,Florentyna,Witkowska,Gniezno,60-148,43,7433.92,578341311
649,Halina,Tomaszewska,Piła,61-628,56,6544.64,455795287
650,Waleria,Kaczmarek,Ostrów Wielkopolski,60-241,87,6925.09,885221028
651,Stella,Kalinowska,Konin,62-330,84,5561.83,459175080
652,Tekla,Jasińska,Piła,60-262,28,8220.26,724912715
653,Celina,Czerwińska,Gniezno,62-302,28,6913.10,693105230
654,Narcyza,Wysocka,Konin,60-277,52,7332.90,577064258
655,Izabella,Kulesza,Szamotuły,63-708,89,7714.28,576888823
656,Narcyza,Głowacka,Konin,62-420,90,4690.83,784703840
657,Walentyna,Walczak,Kalisz,60-506,27,5211.43,882084517
658,Patrycja,Kulesza,Poznań,61-664,65,2580.11,576116175
659,Romana,Baranowska,Poznań,62-600,31,8129.48,727335044
660,Julia,Duda,Piła,64-962,74,4575.58,883901865
661,Alojza,Przybylska,Konin,61-715,93,7265.14,697558037
662,Agata,Szymańska,Konin,61-682,55,7741.98,789318647
663,Renata,Górska,Poznań,61-223,25,8204.71,739826418
664,Izabella,Witkowska,Kalisz,60-135,65,4591.97,668584859
665,Bernardyna,Walczak,Gniezno,60-512,51,6869.68,734238747
666,Prakseda,Walczak,Piła,64-918,84,10340.56,787869614
667,Zbigniewa,Jabłońska,Poznań,61-160,46,10428.63,513375907
668,Felicja,Bednarska,Kalisz,60-406,90,8974.65,780043133
669,Bożenna,Wasilewska,Konin,60-825,40,7674.99,735966192
670,Magdalena,Kaźmierczak,Kalisz,60-363,31,4989.79,661945162
671,Lilla,Pawłowska,Konin,61-022,43,8437.24,787685538
672,Zbigniewa,Szulc,Konin,60-237,21,6683.96,882539168
673,Erna,Czerwińska,Konin,60-336,41,8121.06,536435796
674,Lilia,Szymańska,Kalisz,61-477,72,5734.31,693954823
675,Izabella,Wojciechowska,Kalisz,61-661,30,6654.13,737680666
676,Fryderyka,Stępieńska,Konin,60-284,27,7328.29,889580672
677,Melania,Lis,Piła,60-819,29,7492.56,785684709
678,Monika,Wawrzyniak,Gniezno,60-209,24,7987.45,733516066
679,Izabella,Młynarczyk,Leszno,63-630,90,5841.61,669047304
680,Dorota,Szczepańska,Gniezno,61-375,95,4313.43,602238338
681,Sylwia,Tomczak,Piła,63-000,22,10249.57,571707518
682,Janina,Szewczyk,Poznań,60-523,80,11978.51,608176594
683,Marlena,Kamińska,Kalisz,60-647,78,7894.84,692683127
684,Leontyna,Czarnecka,Leszno,62-710,100,4352.02,693086538
685,Izabella,Jakubowska,Gniezno,64-410,47,5453.61,881891233
686,Aurelia,Michalak,Poznań,60-339,41,8018.24,799296053
687,Heronima,Michalak,Gniezno,61-816,55,9682.23,514804069
688,Mirella,Ostrowska,Poznań,61-037,88,4574.22,690026881
689,Tamara,Kucharska,Kalisz,60-408,78,6751.33,669280295
690,Honorata,Szymczak,Szamotuły,62-682,57,7391.86,734852067
691,Ida,Witkowska,Konin,61-002,38,8729.16,606489574
692,Celina,Jankowska,Piła,64-150,78,6312.80,516996091
693,Izabella,Szczepańska,Ostrów Wielkopolski,60-762,88,3872.37,798977580
694,Serafina,Sawicka,Piła,61-403,51,8242.40,576915179
695,Eliza,Michalska,Poznań,60-519,73,9249.59,603183823
696,Amalia,Gajewska,Piła,60-245,51,6834.82,575660491
697,Patrycja,Szymczak,Poznań,62-840,57,7810.48,515969743
698,Jarosława,Zając,Konin,63-820,61,6051.02,664167881
699,Walentyna,Stępieńska,Piła,60-532,82,5308.45,530605404
700,Alfreda,Witkowska,Gniezno,61-673,98,9052.85,726776092
701,Izabella,Zawadzka,Kalisz,60-141,54,7774.99,663321331
702,Bronisława,Krajewska,Konin,60-824,46,7980.74,579444173
703,Jowita,Przybylska,Piła,61-229,49,10004.23,532081428
704,Ludwika,Makowska,Gniezno,62-640,29,4890.32,881473002
705,Wiera,Zawadzka,Konin,63-921,42,5895.95,695978282
706,Hieronima,Cieślak,Piła,60-312,25,7315.87,739615962
707,Ingeborga,Laskowska,Poznań,61-209,53,5871.37,795340930
708,Nina,Wawrzyniak,Poznań,60-548,32,8566.27,889357071
709,Elwira,Kamińska,Kalisz,61-367,46,6625.20,505247297
710,Józefina,Szymczak,Szamotuły,61-643,83,5014.93,538821530
711,Blandyna,Kubicka,Poznań,61-414,38,7131.54,880292387
712,Berta,Zawadzka,Poznań,61-886,68,7340.68,699199185
713,Modesta,Wieczorek,Poznań,61-407,92,8869.36,735015239
714,Benigna,Kaźmierczak,Piła,61-615,64,7786.28,533155553
715,Zdzisława,Szulc,Poznań,61-562,34,7922.29,783705038
716,Wiera,Kozłowska,Kalisz,61-355,46,7640.58,505879194
717,Hanna,Pawłowska,Ostrów Wielkopolski,61-502,66,6623.55,535715023
718,Jarosława,Sadowska,Poznań,61-763,60,5567.56,507225959
719,Radosława,Urbańska,Kalisz,60-618,30,7577.68,792606830
720,Dominika,Andrzejewska,Kalisz,61-115,55,6333.75,888047580
721,Teodozja,Głowacka,Gniezno,60-716,63,10379.65,723187877
722,Ewa,Sokołowska,Konin,61-612,40,9684.36,501621849
723,Natasza,Olszewska,Konin,60-534,68,8265.68,880466321
724,Hanna,Mazurska,Poznań,61-537,24,7756.93,451022842
725,Helena,Borkowska,Gniezno,61-494,46,6824.08,790681745
726,Wiktoria,Kołodziejska,Gniezno,61-837,84,4477.75,783365229
727,Alicja,Wasilewska,Poznań,60-151,39,6567.66,661144483
728,Teodora,Baranowska,Konin,61-307,68,7202.80,608011792
729,Donata,Kulesza,Piła,61-412,52,7458.91,883437682
730,Zenona,Wójcik,Poznań,61-765,44,7939.07,729530721
731,Stanisława,Bednarska,Leszno,61-713,93,8842.66,454627874
732,Alina,Szewczyk,Kalisz,60-822,46,5615.69,884463503
733,Izabella,Jasińska,Leszno,60-834,37,5633.85,695113926
734,Urszula,Wasilewska,Leszno,64-552,93,9901.71,737379990
735,Balbina,Szewczyk,Konin,61-857,79,8541.96,732959895
736,Antonina,Wilczyńska,Poznań,60-166,74,6218.46,663875126
737,Pelagia,Głowacka,Kalisz,61-344,22,6785.58,517390088
738,Izabella,Młynarczyk,Gniezno,61-486,29,6794.57,514911151
739,Anastazja,Szymańska,Kalisz,60-552,70,7063.15,509743495
740,Maria,Jankowska,Poznań,64-918,35,7945.37,578397467
741,Alina,Jabłońska,Piła,62-104,37,12069.99,606248771
742,Kalina,Andrzejewska,Poznań,61-625,82,7379.51,737738091
743,Maria,Zając,Gniezno,60-709,41,8325.20,505387511
744,Eryka,Sokołowska,Konin,64-115,24,3627.05,538418728
745,Karina,Przybylska,Gniezno,61-318,21,6030.20,886392740
746,Izabella,Szczepańska,Poznań,60-157,54,9457.63,609710670
747,Hildegarda,Młynarczyk,Poznań,61-658,69,7804.63,510736447
748,Marcela,Makowska,Kalisz,60-263,89,-1778.23,792252938
749,Wirginia,Maciejewska,Poznań,64-231,27,8348.05,570455932
750,Bernadeta,Rutkowska,Poznań,63-740,34,10836.33,735457063
751,Izabella,Górecka,Gniezno,60-709,61,3008.18,883640281
752,Alfreda,Wilczyńska,Piła,60-568,48,10038.78,795860266
753,Gizela,Tomczak,Poznań,61-397,58,1456.09,510063022
754,Gerda,Kołodziejska,Piła,60-601,94,8876.00,573467437
755,Natalia,Ostrowska,Gniezno,60-332,63,6982.70,883212853
756,Izabella,Domańska,Piła,60-177,52,2300.06,572768436
757,Wielisława,Zakrzewska,Gniezno,60-209,99,7892.28,794281673
758,Bożena,Wilk,Gniezno,61-752,23,9301.68,600393807
759,Leonarda,Wiśniewska,Kalisz,64-542,94,7727.77,578516474
760,Helga,Kowalska,Gniezno,61-880,59,8169.66,784907954
761,Leokadia,Dudek,Szamotuły,60-303,59,6176.65,514267386
762,Bożena,Górska,Poznań,64-111,94,3277.22,606204560
763,Magdalena,Cieślak,Leszno,60-151,60,8383.73,538963480
764,Ksenia,Czarnecka,Poznań,62-613,54,10499.51,735314490
765,Barbara,Brzezińska,Szamotuły,61-476,40,9259.16,453224573
766,Agata,Zawadzka,Konin,60-712,72,3024.25,576920883
767,Halina,Bąk,Gniezno,60-322,65,3970.21,666591555
768,Alina,Czerwińska,Piła,61-162,36,5308.06,539350748
769,Amelia,Urbańska,Ostrów Wielkopolski,61-101,76,3814.05,450969167
770,Alfreda,Ostrowska,Poznań,61-773,71,7088.38,734766065
771,Matylda,Szymańska,Gniezno,61-835,51,7786.83,888606537
772,Patrycja,Piotrowska,Piła,61-224,18,4139.49,536187262
773,Ala,Wieczorek,Poznań,61-532,55,8554.26,663412515
774,Krystyna,Przybylska,Gniezno,61-479,18,8202.21,605600095
775,Narcyza,Michalska,Konin,60-654,24,5903.68,782196376
776,Amelia,Sokołowska,Kalisz,61-294,53,6654.96,794062085
777,Eugenia,Maciejewska,Kalisz,62-619,25,3100.40,571419569
778,Konstancja,Kołodziejska,Poznań,61-413,41,6335.48,535739410
779,Hermina,Majewska,Poznań,61-837,72,7014.77,798390232
780,Róża,Dudek,Poznań,63-750,43,7337.50,514588451
781,Ksenia,Szymczak,Poznań,61-573,100,7757.75,737964953
782,Marlena,Jaworska,Kalisz,61-761,93,7488.48,691314561
783,Maryla,Domańska,Konin,60-101,66,6471.31,790281100
784,Edmunda,Jankowska,Poznań,60-731,97,7572.39,577162626
785,Izabella,Walczak,Gniezno,61-752,89,9004.06,737208063
786,Irma,Kowalska,Gniezno,61-834,44,6809.00,666941980
787,Izabella,Sikorska,Kalisz,60-185,79,7635.19,605311325
788,Sylwestra,Wasilewska,Szamotuły,60-341,29,6627.66,794053673
789,Daria,Bąk,Konin,61-285,74,5706.48,788600298
790,Mieczysława,Szulc,Piła,60-003,58,8045.76,508811105
791,Marzanna,Kaźmierczak,Poznań,60-288,19,5889.55,664111659
792,Izabella,Głowacka,Gniezno,63-800,40,7772.29,452769243
793,Katarzyna,Sobczak,Ostrów Wielkopolski,63-940,96,7056.51,784234366
794,Halina,Witkowska,Piła,60-802,44,6392.13,723209658
795,Izabella,Kaźmierczak,Kalisz,61-147,33,6343.71,602125163
796,Janina,Olszewska,Kalisz,61-138,33,5983.76,793065110
797,Izabela,Kamińska,Konin,61-454,57,3708.40,734372063
798,Benedykta,Nowicka,Gniezno,60-504,87,7765.79,784260843
799,Bogna,Pietrzak,Gniezno,60-201,80,7463.09,515010744
800,Olimpia,Pawłowska,Ostrów Wielkopolski,62-230,54,8699.34,576554248
801,Izabella,Pietrzak,Kalisz,62-307,35,5937.09,781661443
802,Diana,Czerwińska,Poznań,60-266,22,10790.77,889252318
803,Anetta,Sobczak,Kalisz,63-040,56,6240.53,795384524
804,Czesława,Sawicka,Poznań,62-260,85,5249.78,503270006
805,Marta,Sikorska,Poznań,62-406,78,5012.63,454823079
806,Inga,Bąk,Leszno,61-168,52,3532.16,500759022
807,Emilia,Maciejewska,Gniezno,61-066,67,10065.26,797460414
808,Eryka,Kwiatkowska,Poznań,61-764,54,9742.13,729615791
809,Ludwina,Bąk,Poznań,61-492,65,8201.49,885613769
810,Krystyna,Głowacka,Poznań,60-814,60,5207.82,530463511
811,Elżbieta,Lis,Piła,62-035,74,10622.54,504011533
812,Ludwina,Szczepańska,Gniezno,60-804,60,6296.56,601057254
813,Tatiana,Jakubowska,Poznań,62-650,95,6461.95,514709179
814,Czesława,Urbańska,Poznań,60-533,53,9874.52,883985225
815,Ida,Nowicka,Kalisz,60-434,19,8317.82,660102423
816,Larysa,Szulc,Leszno,60-527,37,11402.21,604376893
817,Eliza,Makowska,Kalisz,60-212,59,7497.44,604979570
818,Amelia,Michalak,Konin,61-233,62,6205.94,532780577
819,Julia,Pawłowska,Szamotuły,61-579,63,5776.39,601119537
820,Stanisława,Wiśniewska,Leszno,61-431,77,3306.01,454501003
821,Lilia,Marciniak,Gniezno,61-063,41,6442.81,661399101
822,Violetta,Młynarczyk,Poznań,60-755,73,9289.19,510042816
823,Edeltrauda,Pawlicka,Szamotuły,62-068,76,8197.67,501232093
824,Magda,Szczepańska,Ostrów Wielkopolski,61-337,52,7040.62,796390573
825,Janina,Bąk,Gniezno,60-766,51,5010.13,607926815
826,Lilia,Michalska,Konin,60-196,33,7453.75,734673768
827,Natalia,Malinowska,Poznań,60-306,52,9025.63,733530969
828,Jowita,Wiśniewska,Piła,61-764,83,7861.44,538265607
829,Róża,Marciniak,Gniezno,61-054,93,7333.47,577831191
830,Amelia,Majewska,Poznań,60-621,67,5406.08,537147002
831,Bernarda,Zając,Konin,61-049,43,8734.36,579205938
832,Romana,Maciejewska,Konin,60-501,74,736.19,697064990
833,Florentyna,Dąbrowska,Piła,60-613,79,7765.69,738048078
834,Benedykta,Głowacka,Gniezno,60-229,45,12140.64,796466499
835,Wioleta,Cieślak,Kalisz,60-551,86,3983.25,882679058
836,Milena,Adamczyk,Gniezno,61-233,24,6517.26,665961790
837,Edmunda,Lewandowska,Leszno,62-782,19,6984.18,737561584
838,Kamila,Szulc,Konin,61-485,28,6074.83,538087856
839,Sławomira,Szczepańska,Poznań,60-216,31,9072.75,884715800
840,Teresa,Baranowska,Gniezno,61-227,90,7944.90,667517191
841,Dobrosława,Olszewska,Konin,61-123,53,7304.60,888016506
842,Eliza,Duda,Konin,61-146,41,8594.55,663344395
843,Bożenna,Wysocka,Poznań,61-016,53,7033.50,734959964
844,Genowefa,Duda,Poznań,61-832,50,13359.73,510946492
845,Dioniza,Pietrzak,Kalisz,60-705,43,7302.69,781001651
846,Romana,Kowalska,Poznań,61-361,29,7390.56,536282188
847,Gerda,Rutkowska,Poznań,61-296,72,3579.06,457045982
848,Leokadia,Laskowska,Gniezno,60-123,29,5913.10,574788412
849,Natasza,Szulc,Konin,60-218,82,9294.76,662747828
850,Gabriela,Jabłońska,Konin,60-521,35,4329.09,794784695
851,Wioletta,Wilk,Konin,60-208,78,2684.89,453383849
852,Cyryla,Michalak,Piła,60-378,84,7064.63,510479732
853,Adolfina,Szewczyk,Leszno,60-434,28,9741.49,454121523
854,Gertruda,Walczak,Gniezno,61-011,25,7084.76,697083833
855,Lilianna,Zielińska,Szamotuły,77-470,96,6327.75,781047646
856,Leonia,Głowacka,Gniezno,61-509,56,3283.02,533626898
857,Larysa,Kamińska,Konin,60-544,70,7904.51,736469510
858,Izabella,Jankowska,Gniezno,61-298,20,8322.55,451853642
859,Donata,Kaczmarek,Konin,64-030,41,3436.54,739467815
860,Bogdana,Ostrowska,Konin,60-612,59,9269.06,501841108
861,Irmgarda,Zielińska,Kalisz,64-125,91,8531.39,699949955
862,Ingeborga,Zielińska,Leszno,61-218,40,9264.63,576601991
863,Matylda,Michalska,Poznań,60-332,82,8167.05,696473840
864,Lucyna,Przybylska,Konin,61-810,72,8307.37,784006023
865,Modesta,Wasilewska,Poznań,60-288,27,8041.44,669003231
866,Adamina,Wojciechowska,Konin,60-804,42,8736.94,795152973
867,Sylwestra,Górecka,Kalisz,60-171,38,3362.48,691297417
868,Stefania,Młynarczyk,Szamotuły,61-047,54,3997.88,885230259
869,Weronika,Urbańska,Poznań,60-605,70,5527.98,505086191
870,Amalia,Kaźmierczak,Kalisz,60-385,54,6740.36,789547854
871,Zofia,Lis,Konin,62-303,38,7776.27,737582314
872,Bibianna,Zawadzka,Poznań,63-507,75,7649.36,609514072
873,Izabella,Zawadzka,Poznań,89-300,66,9234.21,883634195
874,Maja,Witkowska,Poznań,61-896,61,9296.99,783405930
875,Dioniza,Szymczak,Poznań,60-480,63,5255.23,506168617
876,Romana,Kaczmarska,Leszno,64-841,36,7477.15,579959150
877,Izabella,Kowalska,Konin,61-817,74,5304.34,451432755
878,Amelia,Nowicka,Kalisz,62-260,50,6623.51,789375573
879,Żaneta,Olszewska,Poznań,60-509,48,7643.58,663838630
880,Romualda,Michalak,Poznań,61-321,30,182.58,693675036
881,Daria,Przybylska,Poznań,61-726,67,11822.49,791527529
882,Włodzimiera,Kwiatkowska,Kalisz,61-312,67,8132.82,533470942
883,Kinga,Szewczyk,Leszno,60-595,46,5808.59,661131034
884,Daniela,Kowalska,Kalisz,61-857,89,10854.74,506527950
885,Izabella,Kowalska,Poznań,62-682,87,6305.14,454673978
886,Izabella,Czerwińska,Poznań,61-877,27,7265.04,533945609
887,Regina,Gajewska,Szamotuły,61-608,75,6025.77,662625109
888,Eugenia,Walczak,Poznań,61-753,50,10303.98,455939467
889,Krzysztofa,Maciejewska,Poznań,60-164,100,6790.03,507259596
890,Izabella,Jabłońska,Poznań,62-064,36,7298.97,739117523
891,Radosława,Szulc,Ostrów Wielkopolski,61-164,41,9407.56,662912320
892,Wiktoria,Nowicka,Kalisz,60-717,54,8170.28,530672161
893,Stefania,Andrzejewska,Kalisz,60-728,40,6891.30,602407615
894,Mirella,Kowalewska,Ostrów Wielkopolski,61-743,75,9220.78,734086232
895,Larysa,Dudek,Poznań,61-047,57,12076.97,725560113
896,Michalina,Rutkowska,Ostrów Wielkopolski,60-264,36,7634.82,456245250
897,Sylwia,Kalinowska,Poznań,60-454,60,7233.52,605541567
898,Agata,Brzezińska,Kalisz,62-010,91,7341.25,888743695
899,Eliza,Borkowska,Konin,62-113,83,9620.86,534937524
900,Kinga,Ostrowska,Konin,62-080,59,5801.60,501525325
901,Bernadeta,Andrzejewska,Szamotuły,61-519,42,6443.36,739547872
902,Grażyna,Walczak,Poznań,61-295,33,3925.11,725812621
903,Bolesława,Duda,Ostrów Wielkopolski,60-743,90,4632.26,534185996
904,Heronima,Pawłowska,Konin,60-391,76,5964.40,515261630
905,Jarosława,Maciejewska,Gniezno,61-206,65,6888.13,533684939
906,Marzenna,Lis,Szamotuły,61-524,90,10538.17,516473397
907,Alina,Bąk,Poznań,61-668,28,8071.99,722151873
908,Róża,Tomaszewska,Szamotuły,60-769,74,5175.84,512882738
909,Violetta,Wilczyńska,Kalisz,61-537,36,5544.04,571471541
910,Ludomira,Adamska,Gniezno,60-709,28,9749.50,518787309
911,Iwonna,Dąbrowska,Poznań,60-617,56,9253.22,537910479
912,Modesta,Wilk,Kalisz,61-639,50,7056.30,724690008
913,Edmunda,Nowicka,Gniezno,60-416,95,6114.95,728924694
914,Leona,Domańska,Konin,60-443,45,9249.87,535578655
915,Kornela,Górecka,Poznań,60-254,85,5013.35,501523442
916,Agnieszka,Sadowska,Poznań,60-722,79,7784.06,500867522
917,Magdalena,Stępieńska,Piła,60-766,73,11545.32,782490261
918,Apolonia,Pawlicka,Poznań,61-158,93,7410.71,452513465
919,Bernarda,Włodarczyk,Gniezno,60-532,51,5448.78,579811307
920,Kazimiera,Marciniak,Ostrów Wielkopolski,77-424,50,7820.74,572227024
921,Estera,Kaźmierczak,Poznań,61-642,31,6059.98,797303963
922,Amelia,Makowska,Poznań,60-336,41,4211.77,601701359
923,Zyta,Krawczyk,Gniezno,61-742,90,8402.07,699935718
924,Izabela,Głowacka,Poznań,62-309,57,9235.67,507167031
925,Róża,Bednarska,Kalisz,60-790,46,6378.19,669916368
926,Bogusława,Krajewska,Gniezno,60-751,36,6245.53,607752130
927,Ala,Sokołowska,Kalisz,61-555,58,5076.87,789205171
928,Tatiana,Andrzejewska,Konin,62-050,77,6700.13,781451367
929,Leonia,Lis,Gniezno,61-717,42,5875.26,503987858
930,Felicja,Rutkowska,Kalisz,60-745,80,4977.93,668684349
931,Izabella,Pawłowska,Poznań,60-843,70,10784.34,723194710
932,Anita,Szymańska,Kalisz,60-708,83,7932.99,880557215
933,Raisa,Tomczak,Piła,63-220,39,8144.79,459759917
934,Konstancja,Sokołowska,Gniezno,60-681,70,8766.80,694910373
935,Antonina,Cieślicka,Konin,60-182,31,8542.07,516273920
936,Gabryela,Makowska,Leszno,60-331,48,6173.78,663729262
937,Władysława,Pawlicka,Poznań,61-139,77,7545.11,730146336
938,Ida,Jankowska,Poznań,60-683,70,6461.94,885132229
939,Stefania,Bednarska,Poznań,64-150,33,7876.93,737312682
940,Julia,Głowacka,Ostrów Wielkopolski,62-570,88,7683.38,578465830
941,Malwina,Maciejewska,Poznań,62-731,22,6234.68,781794313
942,Gabriela,Laskowska,Piła,62-106,67,4341.40,600439111
943,Marzanna,Dudek,Poznań,61-017,99,7292.47,661063778
944,Klara,Urbańska,Leszno,63-025,62,6591.46,453527204
945,Wiktoria,Wiśniewska,Konin,61-671,84,3219.26,503535382
946,Helga,Górecka,Leszno,62-330,67,8015.32,784242948
947,Ala,Wiśniewska,Gniezno,64-122,82,8930.68,786344351
948,Jowita,Andrzejewska,Szamotuły,61-657,72,12056.71,721139174
949,Izabella,Wiśniewska,Piła,60-236,75,6217.60,453393420
950,Eliza,Włodarczyk,Poznań,60-522,37,5922.58,459407097
951,Olga,Adamska,Gniezno,61-832,79,4781.16,459142214
952,Wiktoria,Szulc,Poznań,61-801,38,7417.28,780581031
953,Bogusława,Zakrzewska,Piła,61-315,98,7404.64,796745542
954,Gabryela,Wilk,Kalisz,62-540,37,5377.41,572562469
955,Dioniza,Zakrzewska,Leszno,60-857,37,6650.14,739606869
956,Wincentyna,Nowicka,Poznań,61-881,88,3042.67,605084943
957,Donata,Bąk,Poznań,61-806,38,8852.75,507302234
958,Arleta,Walczak,Poznań,63-405,48,5458.64,511739475
959,Eliza,Pawłowska,Piła,60-443,77,6930.69,603813495
960,Eliza,Pawłowska,Gniezno,60-272,31,4146.61,509114684
961,Teodozja,Laskowska,Szamotuły,62-002,31,5835.29,662916207
962,Regina,Olszewska,Poznań,61-249,58,6440.82,510335816
963,Czesława,Domańska,Kalisz,60-202,38,6977.42,722893687
964,Kornela,Szczepańska,Poznań,60-335,37,7959.47,884791367
965,Bolesława,Bąk,Kalisz,64-115,19,9878.15,798785031
966,Kornela,Stępieńska,Leszno,60-683,48,8465.42,737766446
967,Eugenia,Walczak,Leszno,62-410,44,8924.33,510444377
968,Irmina,Makowska,Kalisz,60-535,21,9892.21,505310669
969,Antonina,Michalak,Poznań,62-080,69,8139.42,665927775
970,Róża,Kaźmierczak,Konin,61-818,69,6926.59,607353016
971,Halina,Zakrzewska,Gniezno,62-095,24,9018.22,666081942
972,Władysława,Szczepańska,Poznań,60-727,44,9146.02,668369989
973,Ksenia,Kubicka,Szamotuły,64-212,90,8297.13,791453309
974,Izabella,Dudek,Kalisz,62-591,66,4090.74,457989282
975,Rita,Głowacka,Piła,62-301,52,5317.08,793508808
976,Liliana,Maj,Gniezno,63-645,56,6450.29,539520841
977,Waleria,Wysocka,Gniezno,62-051,35,8559.24,578884421
978,Eliza,Szczepańska,Gniezno,60-656,85,6957.31,533504194
979,Agata,Górska,Piła,61-144,93,9273.74,503780124
980,Elza,Wasilewska,Kalisz,64-100,93,9630.47,577158101
981,Scholastyka,Kubicka,Leszno,60-552,36,9398.34,780188397
982,Bogdana,Walczak,Poznań,60-836,43,9411.08,457429298
983,Kinga,Jakubowska,Kalisz,60-118,31,4926.01,887137498
984,Mariola,Pawłowska,Poznań,60-387,43,7965.27,537756701
985,Emma,Wiśniewska,Poznań,62-561,45,5784.94,512922951
986,Izabella,Jasińska,Poznań,77-470,70,3701.87,691257253
987,Stanisława,Sobczak,Kalisz,60-605,34,6425.06,538781805
988,Izabella,Zawadzka,Poznań,61-884,93,9649.47,782992180
989,Dobrosława,Domańska,Kalisz,61-892,26,7921.48,728014746
990,Amelia,Cieślak,Gniezno,61-863,19,11035.62,693033641
991,Mirella,Sawicka,Piła,60-519,88,7354.46,886340866
992,Hieronima,Kozłowska,Leszno,64-010,76,11895.61,887157385
993,Gertruda,Brzezińska,Kalisz,60-287,47,7355.04,538611646
994,Ksawera,Makowska,Kalisz,60-128,67,7044.96,665539728
995,Nina,Szewczyk,Konin,62-213,36,4441.22,669017802
996,Kunegunda,Kamińska,Gniezno,64-412,32,9221.13,530083184
997,Maria,Kowalska,Poznań,60-572,57,5995.75,518741917
998,Ludwina,Walczak,Ostrów Wielkopolski,60-328,47,5705.90,785076560
999,Adela,Michalska,Poznań,63-100,68,9562.46,669707591
